f_name, l_name,email,password,designation,department,address,specialist,mobile,short_bio,dob,blood_group,sex
asds,dcdef,test@gmail.com,098f6bcd4621d373cade4e832627b4f6,cxasdec,Neurology,csdv,csdv,124124,aedfca,5/12/2011,B+,1
aefc,acdvc,test@gmail.com,098f6bcd4621d373cade4e832627b4f6,cxasdec,Neurology,csdv,csdv,124124,aedfca,5/13/2011,B+,1
cf,av,test@gmail.com,098f6bcd4621d373cade4e832627b4f6,cxasdec,Neurology,csdv,csdv,124124,aedfca,5/14/2011,B+,1
qefc,aev,test@gmail.com,098f6bcd4621d373cade4e832627b4f6,cxasdec,Neurology,csdv,csdv,124124,aedfca,5/15/2011,B+,1
adv,qaev,test@gmail.com,098f6bcd4621d373cade4e832627b4f6,cxasdec,Neurology,csdv,csdv,124124,aedfca,5/16/2011,B+,1
cfqe,asv,test@gmail.com,098f6bcd4621d373cade4e832627b4f6,cxasdec,Microbiology,csdv,csdv,124124,aedfca,5/17/2011,B+,0
fcaq,qe,test@gmail.com,098f6bcd4621d373cade4e832627b4f6,cxasdec,Microbiology,csdv,csdv,124124,aedfca,5/18/2011,B+,0
aefc,vfeq,test@gmail.com,098f6bcd4621d373cade4e832627b4f6,cxasdec,Microbiology,csdv,csdv,124124,aedfca,5/19/2011,B+,0
qecf,cew,test@gmail.com,098f6bcd4621d373cade4e832627b4f6,cxasdec,Microbiology,csdv,csdv,124124,aedfca,5/20/2011,B+,0
aefc,fcve4fad,test@gmail.com,098f6bcd4621d373cade4e832627b4f6,cxasdec,Microbiology,csdv,csdv,124124,aedfca,5/21/2011,B+,1
aefc,qwww,test@gmail.com,098f6bcd4621d373cade4e832627b4f6,cxasdec,Microbiology,csdv,csdv,124124,aedfca,5/22/2011,B+,0
cae,fas,test@gmail.com,098f6bcd4621d373cade4e832627b4f6,cxasdec,Microbiology,csdv,csdv,124124,aedfca,5/23/2011,B+,1
cae,fqe,test@gmail.com,098f6bcd4621d373cade4e832627b4f6,cxasdec,Microbiology,csdv,csdv,124124,aedfca,5/24/2011,B+,0
vf,faee,test@gmail.com,098f6bcd4621d373cade4e832627b4f6,cxasdec,Microbiology,csdv,csdv,124124,aedfca,5/25/2011,B+,1
qewg,fqe,test@gmail.com,098f6bcd4621d373cade4e832627b4f6,cxasdec,Microbiology,csdv,csdv,124124,aedfca,5/26/2011,B+,0
cw,fa,test@gmail.com,098f6bcd4621d373cade4e832627b4f6,cxasdec,Microbiology,csdv,csdv,124124,aedfca,5/27/2011,B+,1
